time_utc_iso,twl_ft_mllw,tide_ft_mllw,surge_ft,src_time
2026-03-20T00:00:00.000Z,1.026,0.526,0.5,202603200000
2026-03-20T01:00:00.000Z,2.544,2.044,0.5,202603200100
2026-03-20T02:00:00.000Z,4.285,3.785,0.5,202603200200
2026-03-20T03:00:00.000Z,5.552,5.052,0.5,202603200300
2026-03-20T04:00:00.000Z,6.173,5.673,0.5,202603200400
2026-03-20T05:00:00.000Z,6.098,5.598,0.5,202603200500
2026-03-20T06:00:00.000Z,5.321,4.821,0.5,202603200600
2026-03-20T07:00:00.000Z,4.094,3.594,0.5,202603200700
2026-03-20T08:00:00.000Z,2.783,2.283,0.5,202603200800
2026-03-20T09:00:00.000Z,1.672,1.172,0.5,202603200900
2026-03-20T10:00:00.000Z,0.842,0.342,0.5,202603201000
2026-03-20T11:00:00.000Z,0.317,-0.183,0.5,202603201100
2026-03-20T12:00:00.000Z,0.445,-0.055,0.5,202603201200
2026-03-20T13:00:00.000Z,1.584,1.084,0.5,202603201300
2026-03-20T14:00:00.000Z,3.317,2.817,0.5,202603201400
2026-03-20T15:00:00.000Z,4.816,4.316,0.5,202603201500
2026-03-20T16:00:00.000Z,5.708,5.208,0.5,202603201600
2026-03-20T17:00:00.000Z,5.944,5.444,0.5,202603201700
2026-03-20T18:00:00.000Z,5.566,4.966,0.6,202603201800
2026-03-20T19:00:00.000Z,4.513,3.913,0.6,202603201900
2026-03-20T20:00:00.000Z,3.332,2.632,0.7,202603202000
2026-03-20T21:00:00.000Z,2.17,1.47,0.7,202603202100
2026-03-20T22:00:00.000Z,1.414,0.614,0.8,202603202200
2026-03-20T23:00:00.000Z,0.977,0.077,0.9,202603202300
2026-03-21T00:00:00.000Z,0.738,0.038,0.7,202603210000
2026-03-21T01:00:00.000Z,1.526,0.926,0.6,202603210100
2026-03-21T02:00:00.000Z,3.244,2.644,0.6,202603210200
2026-03-21T03:00:00.000Z,4.97,4.37,0.6,202603210300
2026-03-21T04:00:00.000Z,6.081,5.481,0.6,202603210400
2026-03-21T05:00:00.000Z,6.386,5.886,0.5,202603210500
2026-03-21T06:00:00.000Z,5.98,5.58,0.4,202603210600
2026-03-21T07:00:00.000Z,5.032,4.632,0.4,202603210700
2026-03-21T08:00:00.000Z,3.642,3.342,0.3,202603210800
2026-03-21T09:00:00.000Z,2.265,2.065,0.2,202603210900
2026-03-21T10:00:00.000Z,1.232,1.032,0.2,202603211000
2026-03-21T11:00:00.000Z,0.481,0.281,0.2,202603211100
2026-03-21T12:00:00.000Z,0.057,-0.143,0.2,202603211200
2026-03-21T13:00:00.000Z,0.354,0.154,0.2,202603211300
2026-03-21T14:00:00.000Z,1.636,1.436,0.2,202603211400
2026-03-21T15:00:00.000Z,3.35,3.15,0.2,202603211500
2026-03-21T16:00:00.000Z,4.801,4.501,0.3,202603211600
2026-03-21T17:00:00.000Z,5.516,5.216,0.3,202603211700
2026-03-21T18:00:00.000Z,5.572,5.272,0.3,202603211800
2026-03-21T19:00:00.000Z,4.942,4.642,0.3,202603211900
2026-03-21T20:00:00.000Z,3.813,3.513,0.3,202603212000
2026-03-21T21:00:00.000Z,2.649,2.249,0.4,202603212100
2026-03-21T22:00:00.000Z,1.576,1.176,0.4,202603212200
2026-03-21T23:00:00.000Z,0.948,0.448,0.5,202603212300
2026-03-22T00:00:00.000Z,0.567,0.067,0.5,202603220000
2026-03-22T01:00:00.000Z,0.754,0.254,0.5,202603220100
2026-03-22T02:00:00.000Z,1.983,1.383,0.6,202603220200
2026-03-22T03:00:00.000Z,3.791,3.191,0.6,202603220300
2026-03-22T04:00:00.000Z,5.511,4.811,0.7,202603220400
2026-03-22T05:00:00.000Z,6.432,5.732,0.7,202603220500
2026-03-22T06:00:00.000Z,6.641,5.941,0.7,202603220600
2026-03-22T07:00:00.000Z,6.163,5.463,0.7,202603220700
2026-03-22T08:00:00.000Z,5.02,4.42,0.6,202603220800
2026-03-22T09:00:00.000Z,3.734,3.134,0.6,202603220900
2026-03-22T10:00:00.000Z,2.532,1.932,0.6,202603221000
2026-03-22T11:00:00.000Z,1.6,1,0.6,202603221100
2026-03-22T12:00:00.000Z,1.029,0.329,0.7,202603221200
2026-03-22T13:00:00.000Z,0.695,-0.005,0.7,202603221300
2026-03-22T14:00:00.000Z,1.119,0.419,0.7,202603221400
2026-03-22T15:00:00.000Z,2.459,1.759,0.7,202603221500
2026-03-22T16:00:00.000Z,4.174,3.374,0.8,202603221600
2026-03-22T17:00:00.000Z,5.349,4.549,0.8,202603221700
2026-03-22T18:00:00.000Z,5.909,5.109,0.8,202603221800
2026-03-22T19:00:00.000Z,5.839,5.039,0.8,202603221900
2026-03-22T20:00:00.000Z,5.124,4.324,0.8,202603222000
2026-03-22T21:00:00.000Z,3.984,3.184,0.8,202603222100
2026-03-22T22:00:00.000Z,2.781,1.981,0.8,202603222200
2026-03-22T23:00:00.000Z,1.822,1.022,0.8,202603222300
2026-03-23T00:00:00.000Z,1.221,0.421,0.8,202603230000
2026-03-23T01:00:00.000Z,0.973,0.173,0.8,202603230100
2026-03-23T02:00:00.000Z,1.331,0.531,0.8,202603230200
2026-03-23T03:00:00.000Z,2.605,1.805,0.8,202603230300
2026-03-23T04:00:00.000Z,4.294,3.594,0.7,202603230400
2026-03-23T05:00:00.000Z,5.748,5.048,0.7,202603230500
2026-03-23T06:00:00.000Z,6.491,5.791,0.7,202603230600
2026-03-23T07:00:00.000Z,6.462,5.862,0.6,202603230700
2026-03-23T08:00:00.000Z,5.893,5.293,0.6,202603230800
2026-03-23T09:00:00.000Z,4.835,4.235,0.6,202603230900
2026-03-23T10:00:00.000Z,3.612,3.012,0.6,202603231000
2026-03-23T11:00:00.000Z,2.519,1.919,0.6,202603231100
2026-03-23T12:00:00.000Z,1.789,1.089,0.7,202603231200
2026-03-23T13:00:00.000Z,1.275,0.475,0.8,202603231300
2026-03-23T14:00:00.000Z,0.989,0.189,0.8,202603231400
2026-03-23T15:00:00.000Z,1.475,0.675,0.8,202603231500
2026-03-23T16:00:00.000Z,2.893,1.993,0.9,202603231600
2026-03-23T17:00:00.000Z,4.458,3.458,1,202603231700
2026-03-23T18:00:00.000Z,5.47,4.47,1,202603231800
2026-03-23T19:00:00.000Z,5.931,4.931,1,202603231900
2026-03-23T20:00:00.000Z,5.805,4.805,1,202603232000
2026-03-23T21:00:00.000Z,5.076,4.076,1,202603232100
2026-03-23T22:00:00.000Z,3.879,2.979,0.9,202603232200
2026-03-23T23:00:00.000Z,2.669,1.869,0.8,202603232300
2026-03-24T00:00:00.000Z,1.725,1.025,0.7,202603240000
2026-03-24T01:00:00.000Z,1.119,0.519,0.6,202603240100
2026-03-24T02:00:00.000Z,0.844,0.344,0.5,202603240200
2026-03-24T03:00:00.000Z,1.091,0.791,0.3,202603240300
2026-03-24T04:00:00.000Z,2.408,2.108,0.3,202603240400
2026-03-24T05:00:00.000Z,4.094,3.794,0.3,202603240500
2026-03-24T06:00:00.000Z,5.169,5.069,0.1,202603240600
2026-03-24T07:00:00.000Z,5.783,5.683,0.1,202603240700
2026-03-24T08:00:00.000Z,5.897,5.697,0.2,202603240800
2026-03-24T09:00:00.000Z,5.424,5.124,0.3,202603240900
2026-03-24T10:00:00.000Z,4.524,4.124,0.4,202603241000
2026-03-24T11:00:00.000Z,3.508,3.008,0.5,202603241100
2026-03-24T12:00:00.000Z,2.533,2.033,0.5,202603241200
2026-03-24T13:00:00.000Z,1.781,1.281,0.5,202603241300
2026-03-24T14:00:00.000Z,1.275,0.675,0.6,202603241400
2026-03-24T15:00:00.000Z,0.981,0.381,0.6,202603241500
2026-03-24T16:00:00.000Z,1.565,0.865,0.7,202603241600
2026-03-24T17:00:00.000Z,2.801,2.101,0.7,202603241700
2026-03-24T18:00:00.000Z,4.208,3.408,0.8,202603241800
2026-03-24T19:00:00.000Z,5.107,4.307,0.8,202603241900
2026-03-24T20:00:00.000Z,5.542,4.742,0.8,202603242000
2026-03-24T21:00:00.000Z,5.431,4.631,0.8,202603242100
2026-03-24T22:00:00.000Z,4.747,3.947,0.8,202603242200
2026-03-24T23:00:00.000Z,3.73,2.93,0.8,202603242300
2026-03-25T00:00:00.000Z,2.819,1.919,0.9,202603250000
2026-03-25T01:00:00.000Z,2.063,1.163,0.9,202603250100
2026-03-25T02:00:00.000Z,1.589,0.689,0.9,202603250200
2026-03-25T03:00:00.000Z,1.41,0.51,0.9,202603250300
2026-03-25T04:00:00.000Z,1.865,0.965,0.9,202603250400
2026-03-25T05:00:00.000Z,3.141,2.241,0.9,202603250500
2026-03-25T06:00:00.000Z,4.582,3.782,0.8,202603250600
2026-03-25T07:00:00.000Z,5.707,4.907,0.8,202603250700
2026-03-25T08:00:00.000Z,6.17,5.47,0.7,202603250800
2026-03-25T09:00:00.000Z,6.211,5.511,0.7,202603250900
2026-03-25T10:00:00.000Z,5.609,5.009,0.6,202603251000
2026-03-25T11:00:00.000Z,4.717,4.117,0.6,202603251100
2026-03-25T12:00:00.000Z,3.623,3.123,0.5,202603251200
2026-03-25T13:00:00.000Z,2.748,2.248,0.5,202603251300
2026-03-25T14:00:00.000Z,1.921,1.521,0.4,202603251400
2026-03-25T15:00:00.000Z,1.262,0.862,0.4,202603251500
2026-03-25T16:00:00.000Z,0.811,0.511,0.3,202603251600
2026-03-25T17:00:00.000Z,1.25,0.95,0.3,202603251700
2026-03-25T18:00:00.000Z,2.384,2.084,0.3,202603251800
2026-03-25T19:00:00.000Z,3.561,3.261,0.3,202603251900
2026-03-25T20:00:00.000Z,4.418,4.118,0.3,202603252000
2026-03-25T21:00:00.000Z,4.902,4.602,0.3,202603252100
2026-03-25T22:00:00.000Z,4.965,4.565,0.4,202603252200
2026-03-25T23:00:00.000Z,4.463,3.963,0.5,202603252300
2026-03-26T00:00:00.000Z,3.533,3.033,0.5,202603260000
2026-03-26T01:00:00.000Z,2.599,2.099,0.5,202603260100
2026-03-26T02:00:00.000Z,1.878,1.378,0.5,202603260200
2026-03-26T03:00:00.000Z,1.364,0.864,0.5,202603260300
2026-03-26T04:00:00.000Z,1.11,0.61,0.5,202603260400
2026-03-26T05:00:00.000Z,1.511,1.011,0.5,202603260500
2026-03-26T06:00:00.000Z,2.602,2.202,0.4,202603260600
2026-03-26T07:00:00.000Z,4,3.6,0.4,202603260700
2026-03-26T08:00:00.000Z,4.934,4.634,0.3,202603260800
2026-03-26T09:00:00.000Z,5.531,5.231,0.3,202603260900
2026-03-26T10:00:00.000Z,5.671,5.371,0.3,202603261000
2026-03-26T11:00:00.000Z,5.186,4.986,0.2,202603261100
2026-03-26T12:00:00.000Z,4.415,4.215,0.2,202603261200
2026-03-26T13:00:00.000Z,3.522,3.322,0.2,202603261300
2026-03-26T14:00:00.000Z,2.598,2.498,0.1,202603261400
2026-03-26T15:00:00.000Z,1.836,1.736,0.1,202603261500
2026-03-26T16:00:00.000Z,1.073,0.973,0.1,202603261600
2026-03-26T17:00:00.000Z,0.54,0.54,0,202603261700
2026-03-26T18:00:00.000Z,0.926,0.926,0,202603261800
2026-03-26T19:00:00.000Z,1.973,1.973,0,202603261900
2026-03-26T20:00:00.000Z,3.08,3.08,0,202603262000
2026-03-26T21:00:00.000Z,3.874,3.974,-0.1,202603262100
2026-03-26T22:00:00.000Z,4.465,4.565,-0.1,202603262200
2026-03-26T23:00:00.000Z,4.532,4.632,-0.1,202603262300
2026-03-27T00:00:00.000Z,4.014,4.114,-0.1,202603270000
2026-03-27T01:00:00.000Z,3.147,3.247,-0.1,202603270100
2026-03-27T02:00:00.000Z,2.245,2.345,-0.1,202603270200
2026-03-27T03:00:00.000Z,1.497,1.597,-0.1,202603270300
2026-03-27T04:00:00.000Z,0.779,0.979,-0.2,202603270400
2026-03-27T05:00:00.000Z,0.408,0.608,-0.2,202603270500
2026-03-27T06:00:00.000Z,0.732,0.932,-0.2,202603270600
2026-03-27T07:00:00.000Z,1.733,2.033,-0.3,202603270700
2026-03-27T08:00:00.000Z,2.924,3.324,-0.4,202603270800
2026-03-27T09:00:00.000Z,3.945,4.345,-0.4,202603270900
2026-03-27T10:00:00.000Z,4.546,5.046,-0.5,202603271000
2026-03-27T11:00:00.000Z,4.824,5.324,-0.5,202603271100
2026-03-27T12:00:00.000Z,4.458,5.058,-0.6,202603271200
2026-03-27T13:00:00.000Z,3.678,4.378,-0.7,202603271300
2026-03-27T14:00:00.000Z,2.835,3.535,-0.7,202603271400
2026-03-27T15:00:00.000Z,1.903,2.703,-0.8,202603271500
2026-03-27T16:00:00.000Z,0.952,1.852,-0.9,202603271600
2026-03-27T17:00:00.000Z,0.064,0.964,-0.9,202603271700
2026-03-27T18:00:00.000Z,-0.539,0.461,-1,202603271800
2026-03-27T19:00:00.000Z,-0.079,0.821,-0.9,202603271900
2026-03-27T20:00:00.000Z,0.928,1.828,-0.9,202603272000
2026-03-27T21:00:00.000Z,2.139,2.939,-0.8,202603272100
2026-03-27T22:00:00.000Z,3.237,3.937,-0.7,202603272200
2026-03-27T23:00:00.000Z,4.064,4.664,-0.6,202603272300
2026-03-28T00:00:00.000Z,4.324,4.824,-0.5,202603280000
2026-03-28T01:00:00.000Z,3.954,4.354,-0.4,202603280100
2026-03-28T02:00:00.000Z,3.301,3.501,-0.2,202603280200
2026-03-28T03:00:00.000Z,2.479,2.579,-0.1,202603280300
2026-03-28T04:00:00.000Z,1.653,1.753,-0.1,202603280400
2026-03-28T05:00:00.000Z,0.896,0.996,-0.1,202603280500
2026-03-28T06:00:00.000Z,0.403,0.503,-0.1,202603280600
2026-03-28T07:00:00.000Z,0.666,0.766,-0.1,202603280700
2026-03-28T08:00:00.000Z,1.706,1.806,-0.1,202603280800
2026-03-28T09:00:00.000Z,2.851,3.051,-0.2,202603280900
2026-03-28T10:00:00.000Z,3.931,4.131,-0.2,202603281000
2026-03-28T11:00:00.000Z,4.775,4.975,-0.2,202603281100
2026-03-28T12:00:00.000Z,5.178,5.378,-0.2,202603281200
2026-03-28T13:00:00.000Z,4.986,5.186,-0.2,202603281300
2026-03-28T14:00:00.000Z,4.333,4.533,-0.2,202603281400
2026-03-28T15:00:00.000Z,3.478,3.678,-0.2,202603281500
2026-03-28T16:00:00.000Z,2.589,2.789,-0.2,202603281600
2026-03-28T17:00:00.000Z,1.725,1.825,-0.1,202603281700
2026-03-28T18:00:00.000Z,0.826,0.826,0,202603281800
2026-03-28T19:00:00.000Z,0.302,0.302,0,202603281900
2026-03-28T20:00:00.000Z,0.795,0.695,0.1,202603282000
2026-03-28T21:00:00.000Z,1.828,1.728,0.1,202603282100
2026-03-28T22:00:00.000Z,3.113,2.913,0.2,202603282200
2026-03-28T23:00:00.000Z,4.252,4.052,0.2,202603282300
2026-03-29T00:00:00.000Z,5.095,4.895,0.2,202603290000
2026-03-29T01:00:00.000Z,5.393,5.093,0.3,202603290100
2026-03-29T02:00:00.000Z,4.907,4.607,0.3,202603290200
2026-03-29T03:00:00.000Z,4.012,3.712,0.3,202603290300
2026-03-29T04:00:00.000Z,3.032,2.732,0.3,202603290400
2026-03-29T05:00:00.000Z,2.104,1.804,0.3,202603290500
2026-03-29T06:00:00.000Z,1.208,0.908,0.3,202603290600
